-- MySQL dump 10.13  Distrib 8.0.21, for macos10.15 (x86_64)
--
-- Host: localhost    Database: portafolio
-- ------------------------------------------------------
-- Server version	8.0.21

/*!40101 SET @OLD_CHARACTER_SET_CLIENT=@@CHARACTER_SET_CLIENT */;
/*!40101 SET @OLD_CHARACTER_SET_RESULTS=@@CHARACTER_SET_RESULTS */;
/*!40101 SET @OLD_COLLATION_CONNECTION=@@COLLATION_CONNECTION */;
/*!50503 SET NAMES utf8 */;
/*!40103 SET @OLD_TIME_ZONE=@@TIME_ZONE */;
/*!40103 SET TIME_ZONE='+00:00' */;
/*!40014 SET @OLD_UNIQUE_CHECKS=@@UNIQUE_CHECKS, UNIQUE_CHECKS=0 */;
/*!40014 SET @OLD_FOREIGN_KEY_CHECKS=@@FOREIGN_KEY_CHECKS, FOREIGN_KEY_CHECKS=0 */;
/*!40101 SET @OLD_SQL_MODE=@@SQL_MODE, SQL_MODE='NO_AUTO_VALUE_ON_ZERO' */;
/*!40111 SET @OLD_SQL_NOTES=@@SQL_NOTES, SQL_NOTES=0 */;

--
-- Table structure for table `actividad`
--

DROP TABLE IF EXISTS `actividad`;
/*!40101 SET @saved_cs_client     = @@character_set_client */;
/*!50503 SET character_set_client = utf8mb4 */;
CREATE TABLE `actividad` (
  `id_actividad` varchar(45) NOT NULL,
  `nombre_actividad` varchar(40) NOT NULL,
  `valor` int NOT NULL DEFAULT '0',
  `descripcion` varchar(10000) DEFAULT NULL,
  `id_criterio` varchar(45) NOT NULL,
  PRIMARY KEY (`id_actividad`)
) ENGINE=InnoDB DEFAULT CHARSET=utf8mb4 COLLATE=utf8mb4_0900_ai_ci;
/*!40101 SET character_set_client = @saved_cs_client */;

--
-- Dumping data for table `actividad`
--

LOCK TABLES `actividad` WRITE;
/*!40000 ALTER TABLE `actividad` DISABLE KEYS */;
INSERT INTO `actividad` VALUES ('109112202022215','Examen',100,'Examen','70112202022215'),('2871122020222057','Trabajos',100,'Trabajos','2441122020222057'),('2941122020221517','Examen',100,'Examen','2361122020221517'),('3251122020222115','Portafolio',100,'Portafolio','2781122020222115'),('3891122020222125','Examen',100,'Examen','3481122020222125'),('4451122020221539','Tareas',100,'Tareas','4111122020221539'),('793112202022160','Practicas',100,'Practicas','755112202022160'),('8421122020222130','Practicas',100,'Practicas','7931122020222130');
/*!40000 ALTER TABLE `actividad` ENABLE KEYS */;
UNLOCK TABLES;

--
-- Table structure for table `administrador`
--

DROP TABLE IF EXISTS `administrador`;
/*!40101 SET @saved_cs_client     = @@character_set_client */;
/*!50503 SET character_set_client = utf8mb4 */;
CREATE TABLE `administrador` (
  `clave_administrador` varchar(45) NOT NULL,
  `nombre` varchar(80) NOT NULL,
  `cargo` varchar(45) DEFAULT NULL,
  `email` varchar(45) DEFAULT NULL,
  `password` varchar(45) NOT NULL,
  PRIMARY KEY (`clave_administrador`)
) ENGINE=InnoDB DEFAULT CHARSET=utf8mb4 COLLATE=utf8mb4_0900_ai_ci;
/*!40101 SET character_set_client = @saved_cs_client */;

--
-- Dumping data for table `administrador`
--

LOCK TABLES `administrador` WRITE;
/*!40000 ALTER TABLE `administrador` DISABLE KEYS */;
INSERT INTO `administrador` VALUES ('1','Alejandro Lefebvre',NULL,'','U2FsdGVkX19bmmJJkDqplRRBTcydGVZHY8MfeJbwY+g=');
/*!40000 ALTER TABLE `administrador` ENABLE KEYS */;
UNLOCK TABLES;

--
-- Table structure for table `configuracion_archivo`
--

DROP TABLE IF EXISTS `configuracion_archivo`;
/*!40101 SET @saved_cs_client     = @@character_set_client */;
/*!50503 SET character_set_client = utf8mb4 */;
CREATE TABLE `configuracion_archivo` (
  `id_config` varchar(50) NOT NULL,
  `encabezado` varchar(90) DEFAULT NULL,
  `marca` varchar(90) DEFAULT NULL,
  `pie` varchar(90) DEFAULT NULL,
  PRIMARY KEY (`id_config`)
) ENGINE=InnoDB DEFAULT CHARSET=utf8mb4 COLLATE=utf8mb4_0900_ai_ci;
/*!40101 SET character_set_client = @saved_cs_client */;

--
-- Dumping data for table `configuracion_archivo`
--

LOCK TABLES `configuracion_archivo` WRITE;
/*!40000 ALTER TABLE `configuracion_archivo` DISABLE KEYS */;
INSERT INTO `configuracion_archivo` VALUES ('setting','/uploads/1595731221556.png','/uploads/1595731221589.png','/uploads/1595731221603.png');
/*!40000 ALTER TABLE `configuracion_archivo` ENABLE KEYS */;
UNLOCK TABLES;

--
-- Table structure for table `criterio`
--

DROP TABLE IF EXISTS `criterio`;
/*!40101 SET @saved_cs_client     = @@character_set_client */;
/*!50503 SET character_set_client = utf8mb4 */;
CREATE TABLE `criterio` (
  `id_criterio` varchar(45) NOT NULL,
  `nombre_criterio` varchar(40) NOT NULL,
  `porcentaje` int DEFAULT NULL,
  `num_unidad` int NOT NULL,
  `id_grupo` varchar(45) NOT NULL,
  PRIMARY KEY (`id_criterio`)
) ENGINE=InnoDB DEFAULT CHARSET=utf8mb4 COLLATE=utf8mb4_0900_ai_ci;
/*!40101 SET character_set_client = @saved_cs_client */;

--
-- Dumping data for table `criterio`
--

LOCK TABLES `criterio` WRITE;
/*!40000 ALTER TABLE `criterio` DISABLE KEYS */;
INSERT INTO `criterio` VALUES ('2361122020221517','Examen',30,1,'286220200234086632'),('2441122020222057','Trabajos',30,2,'286220200234086632'),('2781122020222115','Portafolio',20,2,'286220200234086632'),('3481122020222125','Examen',50,3,'286220200234086632'),('4111122020221539','Tareas',20,1,'286220200234086632'),('70112202022215','Examen',50,2,'286220200234086632'),('755112202022160','Practicas',50,1,'286220200234086632'),('7931122020222130','Practicas',50,3,'286220200234086632');
/*!40000 ALTER TABLE `criterio` ENABLE KEYS */;
UNLOCK TABLES;

--
-- Table structure for table `detalle_calificaciones`
--

DROP TABLE IF EXISTS `detalle_calificaciones`;
/*!40101 SET @saved_cs_client     = @@character_set_client */;
/*!50503 SET character_set_client = utf8mb4 */;
CREATE TABLE `detalle_calificaciones` (
  `num_control` int NOT NULL,
  `id_actividad` varchar(45) NOT NULL,
  `calificacion` int DEFAULT NULL
) ENGINE=InnoDB DEFAULT CHARSET=utf8mb4 COLLATE=utf8mb4_0900_ai_ci;
/*!40101 SET character_set_client = @saved_cs_client */;

--
-- Dumping data for table `detalle_calificaciones`
--

LOCK TABLES `detalle_calificaciones` WRITE;
/*!40000 ALTER TABLE `detalle_calificaciones` DISABLE KEYS */;
INSERT INTO `detalle_calificaciones` VALUES (14161186,'2941122020221517',90),(14161189,'2941122020221517',80),(13161075,'2941122020221517',70),(14161198,'2941122020221517',60),(14161205,'2941122020221517',70),(14161211,'2941122020221517',0),(14160168,'2941122020221517',90),(14161231,'2941122020221517',90),(15161299,'2941122020221517',90),(14161244,'2941122020221517',80),(15161317,'2941122020221517',50),(14161246,'2941122020221517',50),(14161255,'2941122020221517',50),(13161132,'2941122020221517',40),(15161319,'2941122020221517',40),(14161268,'2941122020221517',90),(15161328,'2941122020221517',80),(14161275,'2941122020221517',70),(15161339,'2941122020221517',65),(13161158,'2941122020221517',65),(15161343,'2941122020221517',67),(15161353,'2941122020221517',78),(14161298,'2941122020221517',65),(13161165,'2941122020221517',75),(15161367,'2941122020221517',85),(15161377,'2941122020221517',95),(14161310,'2941122020221517',90),(14160177,'2941122020221517',76),(12161357,'2941122020221517',78),(15161392,'2941122020221517',89),(14160180,'2941122020221517',87),(15161419,'2941122020221517',86),(16161425,'2941122020221517',80),(15161432,'2941122020221517',81),(14161360,'2941122020221517',82),(14161369,'2941122020221517',83),(15161446,'2941122020221517',80),(14161186,'793112202022160',90),(14161189,'793112202022160',90),(13161075,'793112202022160',90),(14161198,'793112202022160',90),(14161205,'793112202022160',90),(14161211,'793112202022160',90),(14160168,'793112202022160',90),(14161231,'793112202022160',90),(15161299,'793112202022160',90),(14161244,'793112202022160',90),(15161317,'793112202022160',90),(14161246,'793112202022160',90),(14161255,'793112202022160',90),(13161132,'793112202022160',90),(15161319,'793112202022160',90),(14161268,'793112202022160',90),(15161328,'793112202022160',90),(14161275,'793112202022160',90),(15161339,'793112202022160',90),(13161158,'793112202022160',90),(15161343,'793112202022160',90),(15161353,'793112202022160',90),(14161298,'793112202022160',9),(13161165,'793112202022160',90),(15161367,'793112202022160',90),(15161377,'793112202022160',90),(14161310,'793112202022160',90),(14160177,'793112202022160',90),(12161357,'793112202022160',90),(15161392,'793112202022160',90),(14160180,'793112202022160',90),(15161419,'793112202022160',90),(16161425,'793112202022160',90),(15161432,'793112202022160',0),(14161360,'793112202022160',90),(14161369,'793112202022160',90),(15161446,'793112202022160',90),(14161186,'4451122020221539',60),(14161189,'4451122020221539',60),(13161075,'4451122020221539',60),(14161198,'4451122020221539',60),(14161205,'4451122020221539',60),(14161211,'4451122020221539',65),(14160168,'4451122020221539',65),(14161231,'4451122020221539',65),(15161299,'4451122020221539',65),(14161244,'4451122020221539',65),(15161317,'4451122020221539',65),(14161246,'4451122020221539',65),(14161255,'4451122020221539',76),(13161132,'4451122020221539',76),(15161319,'4451122020221539',76),(14161268,'4451122020221539',76),(15161328,'4451122020221539',76),(14161275,'4451122020221539',76),(15161339,'4451122020221539',87),(13161158,'4451122020221539',87),(15161343,'4451122020221539',87),(15161353,'4451122020221539',87),(14161298,'4451122020221539',87),(13161165,'4451122020221539',87),(15161367,'4451122020221539',87),(15161377,'4451122020221539',98),(14161310,'4451122020221539',98),(14160177,'4451122020221539',60),(12161357,'4451122020221539',60),(15161392,'4451122020221539',60),(14160180,'4451122020221539',60),(15161419,'4451122020221539',60),(16161425,'4451122020221539',60),(15161432,'4451122020221539',60),(14161360,'4451122020221539',60),(14161369,'4451122020221539',60),(15161446,'4451122020221539',60);
/*!40000 ALTER TABLE `detalle_calificaciones` ENABLE KEYS */;
UNLOCK TABLES;

--
-- Table structure for table `detalle_grupo`
--

DROP TABLE IF EXISTS `detalle_grupo`;
/*!40101 SET @saved_cs_client     = @@character_set_client */;
/*!50503 SET character_set_client = utf8mb4 */;
CREATE TABLE `detalle_grupo` (
  `id_detalle` varchar(45) NOT NULL,
  `num_control` int NOT NULL,
  `id_grupo` varchar(40) NOT NULL,
  PRIMARY KEY (`id_detalle`)
) ENGINE=InnoDB DEFAULT CHARSET=utf8mb4 COLLATE=utf8mb4_0900_ai_ci;
/*!40101 SET character_set_client = @saved_cs_client */;

--
-- Dumping data for table `detalle_grupo`
--

LOCK TABLES `detalle_grupo` WRITE;
/*!40000 ALTER TABLE `detalle_grupo` DISABLE KEYS */;
INSERT INTO `detalle_grupo` VALUES ('222020181727100392',14161205,'286220200234086632'),('22202018172710445',14161244,'286220200234086632'),('22202018172717564',13161158,'286220200234086632'),('22202018172718587',15161353,'286220200234086632'),('22202018172725473',14161255,'286220200234086632'),('22202018172732422',14161231,'286220200234086632'),('22202018172734675',15161392,'286220200234086632'),('22202018172735353',14161360,'286220200234086632'),('22202018172738314',14161186,'286220200234086632'),('22202018172741321',14161189,'286220200234086632'),('22202018172741627',15161377,'286220200234086632'),('22202018172743664',12161357,'286220200234086632'),('22202018172743686',14160180,'286220200234086632'),('22202018172746771',15161446,'286220200234086632'),('22202018172750383',14161198,'286220200234086632'),('22202018172752484',15161317,'286220200234086632'),('22202018172758573',15161343,'286220200234086632'),('22202018172760465',14161246,'286220200234086632'),('22202018172762435',15161299,'286220200234086632'),('22202018172763493',15161319,'286220200234086632'),('22202018172765550',15161339,'286220200234086632'),('22202018172767373',13161075,'286220200234086632'),('22202018172767743',14161369,'286220200234086632'),('22202018172772345',15161419,'286220200234086632'),('22202018172772649',14160177,'286220200234086632'),('22202018172775753',16161425,'286220200234086632'),('22202018172776615',15161367,'286220200234086632'),('22202018172780454',13161132,'286220200234086632'),('22202018172780503',14161268,'286220200234086632'),('22202018172780636',14161310,'286220200234086632'),('22202018172781601',14161298,'286220200234086632'),('22202018172783402',14161211,'286220200234086632'),('22202018172791537',14161275,'286220200234086632'),('2220201817279518',15161328,'286220200234086632'),('22202018172796763',15161432,'286220200234086632'),('22202018172796779',13161165,'286220200234086632'),('22202018172798412',14160168,'286220200234086632'),('22202018233413524',14161246,'297220200234097651'),('2220201823341506',14161244,'297220200234097651'),('22202018233417621',15161353,'297220200234097651'),('22202018233418453',14161211,'297220200234097651'),('22202018233424838',14161369,'297220200234097651'),('22202018233426603',13161158,'297220200234097651'),('22202018233427535',14161255,'297220200234097651'),('22202018233428830',14161360,'297220200234097651'),('22202018233431857',13161165,'297220200234097651'),('22202018233435452',14161205,'297220200234097651'),('22202018233445515',13161132,'297220200234097651'),('22202018233447685',15161377,'297220200234097651'),('22202018233450632',14161298,'297220200234097651'),('22202018233453847',15161446,'297220200234097651'),('22202018233456583',14161275,'297220200234097651'),('22202018233462552',15161319,'297220200234097651'),('22202018233462779',14160180,'297220200234097651'),('22202018233464450',14161189,'297220200234097651'),('22202018233464656',15161367,'297220200234097651'),('22202018233465819',15161432,'297220200234097651'),('22202018233467574',15161328,'297220200234097651'),('22202018233472795',15161419,'297220200234097651'),('22202018233473451',14161198,'297220200234097651'),('2220201823347591',15161339,'297220200234097651'),('22202018233476448',14161186,'297220200234097651'),('22202018233476705',14161310,'297220200234097651'),('2220201823347810',16161425,'297220200234097651'),('22202018233478564',14161268,'297220200234097651'),('22202018233478739',12161357,'297220200234097651'),('22202018233479496',15161299,'297220200234097651'),('22202018233480720',14160177,'297220200234097651'),('22202018233482450',13161075,'297220200234097651'),('22202018233485463',14160168,'297220200234097651'),('22202018233487543',15161317,'297220200234097651'),('22202018233492759',15161392,'297220200234097651'),('22202018233494612',15161343,'297220200234097651'),('22202018233499480',14161231,'297220200234097651');
/*!40000 ALTER TABLE `detalle_grupo` ENABLE KEYS */;
UNLOCK TABLES;

--
-- Table structure for table `estudiante`
--

DROP TABLE IF EXISTS `estudiante`;
/*!40101 SET @saved_cs_client     = @@character_set_client */;
/*!50503 SET character_set_client = utf8mb4 */;
CREATE TABLE `estudiante` (
  `num_control` int NOT NULL,
  `nombre_est` varchar(50) NOT NULL,
  `apellido_est` varchar(50) NOT NULL,
  `password_est` varchar(45) NOT NULL,
  `email_est` varchar(45) DEFAULT NULL,
  PRIMARY KEY (`num_control`)
) ENGINE=InnoDB DEFAULT CHARSET=utf8mb4 COLLATE=utf8mb4_0900_ai_ci;
/*!40101 SET character_set_client = @saved_cs_client */;

--
-- Dumping data for table `estudiante`
--

LOCK TABLES `estudiante` WRITE;
/*!40000 ALTER TABLE `estudiante` DISABLE KEYS */;
INSERT INTO `estudiante` VALUES (12161357,'OSCAR GEOVANI','OLMEDO TORRES','U2FsdGVkX1+dzTcPQmn9RNnX3usvEbG6FAnzzJU8Lng=',NULL),(13161075,'NEYRA','ANTONIO LOPEZ','U2FsdGVkX1/OSbcgkNAMB8Z5CXgR5cyiF/lvL8WjvDE=',NULL),(13161132,'FERNANDO','HERNANDEZ RAMOS','U2FsdGVkX1+1ktpgW7CrGfBz+errQY/aTDusE7aW/ls=',NULL),(13161158,'JOVANI','LOPEZ LARA','U2FsdGVkX19Z0MqB0nJCQBOqmAx0peEpYK2RTgAKyAo=',NULL),(13161165,'JORGE ALEJANDRO','MARTINEZ GARCIA','U2FsdGVkX1+3Yx01w73NU7Ome1zRFP8jyrpl/a5wAwM=','amartz.x@gmail.com'),(14160168,'EMMANUEL','CURIEL DIAZ','U2FsdGVkX187QuW1zMGB0E4OmL+IBRNSo7gntGXGWLc=',NULL),(14160177,'DIEGO EDUARDO','NAVA ROBLEDO','U2FsdGVkX18tqImWqQ4O1zy37adjI4ynz9qWus75lYQ=',NULL),(14160180,'MIGUEL ANGEL','PACHECO MARTINEZ','U2FsdGVkX1+e043QU0i94WpxXzX/yBEoALRqGS5BTXM=',NULL),(14161186,'UZIEL JEFTHE','ALONSO CRUZ','U2FsdGVkX19ZQm0hTwpHVMDniogEt5JoBFhgy7q5iVc=',NULL),(14161189,'FERNANDO LEVI','ALTAMIRANO VELAZQUEZ','U2FsdGVkX1/Kz+PfTjixIOalutPD9yeKxtW5SDedKG4=',NULL),(14161198,'DUX ABNER','BARRAGAN PEREZ','U2FsdGVkX19m/2gil9y0katfH2GlTfDz3yKkeeW/Nho=',NULL),(14161205,'LUIS NOLBERTO','CANSECO PEREZ','U2FsdGVkX1+7MDEppHmL4YHo7UbuGejnKL8Hozvgogk=',NULL),(14161211,'DANIEL FELIPE','CHAVEZ AQUINO','U2FsdGVkX1+kvxNcPlILxPMOu+F17DX+nfCQa0cpZSQ=',NULL),(14161231,'CESAR ELI','FLORES LOPEZ','U2FsdGVkX18uHcSSu4WMRGNxvsYznWuuK8WRwqkZGRs=',NULL),(14161244,'CYNTHIA GISTVANT','GUZMAN VERA','U2FsdGVkX1+zudmmRlfMqXsz9fm+UZyR/4Hx4AcDLTs=',NULL),(14161246,'BRENDA','HERNANDEZ ALCANTARA','U2FsdGVkX18uK92Bkvv0qkyqCwr2Uz2cTMNzEz3dgcs=',NULL),(14161255,'ALAN FIDEL','HERNANDEZ JIMENEZ','U2FsdGVkX19JkAUFacJMQNl86SotwMTqGRPm7MUtFuc=',NULL),(14161268,'ANGEL DE JESUS','JIMENEZ JIMENEZ','U2FsdGVkX18sdzNL0Y6d9dxUiUChOpxQXHJ+9qVBxvo=',NULL),(14161275,'LUIS URIEL','LEYVA WEYDEMAN','U2FsdGVkX1/OKkb/TbJVre3s3c8+obkScBG6AsEs4bs=',NULL),(14161298,'DULCE CAROLINA','MARTINEZ CARRERA','U2FsdGVkX1+004MjnjQ+0Qwp4rX9yeqiKP8rzbZZ4Ow=',NULL),(14161310,'JOSUE','MORALES PASCUAL','U2FsdGVkX1/Rur/81BOrHwMgWlDEoF0djmQqiU/EDRI=',NULL),(14161360,'NER CALEB','TOLEDO PEREZ','U2FsdGVkX19KhBkoNlGAEA9XaUKF8vu4SR0Q+SFk9XQ=',NULL),(14161369,'FABIOLA','VASQUEZ HERNANDEZ','U2FsdGVkX1/AsKCGpZUkSBOZpNv60Bcen12XNXoXFEg=',NULL),(15161299,'GUILLERMO','GARCIA PASCUAL','U2FsdGVkX19eD9SIUz1Z1rZljyr6ByxeVDC7hd9cGLY=',NULL),(15161317,'HEBER ZABDIEL','HERNANDEZ  MARTINEZ','U2FsdGVkX1885l+6w2H+0q1QBCEezcDOea/a2b0Rkcg=',NULL),(15161319,'LILIANA KARINA','HERNANDEZ ROMERO','U2FsdGVkX1+dY7QUVAtn3SThrx3yibIpyz4lg0446Rg=',NULL),(15161328,'OMAR ADRIAN','JUAREZ ONOFRE','U2FsdGVkX19JQuVmmaO/EzatMZAuuGRVmsU8C5WkLmc=',NULL),(15161339,'BRAYAN','LOPEZ HERNANDEZ','U2FsdGVkX1+2fco5wo4PzezFIOlCW8BPZlLe3BQnhb0=',NULL),(15161343,'BIBIANA NASBID','LOPEZ ORTIZ','U2FsdGVkX1+Zzv6xbIfV4gZ2EhiAJW3ydmWkGCYT/ZE=',NULL),(15161353,'HECTOR ANGEL','LUJAN LUGOS','U2FsdGVkX1+vHW8ImyhqZ0RYwdp5R0LqY2tbq9WGkn8=',NULL),(15161367,'JORGE MANUEL','MARTINEZ RAMOS','U2FsdGVkX1/Pt2Hzk/Igt13WfuLfVJa6Bu8Gi2hudRM=',NULL),(15161377,'ADELAIDA','MOLINA REYES','U2FsdGVkX19ZPN91QN+p8ICXweDweXY2Mayta0plNQ8=',NULL),(15161392,'ANGEL BARUCH','ORDAZ LOPEZ','U2FsdGVkX18+w0GhrxPDQ8teMUMPC1LWUuWXVs9pM2Y=',NULL),(15161419,'DIANA','ROJAS ARREOLA','U2FsdGVkX1+pSsuFw0lFmbJEl82+/kS8B+pmM0QcZCg=',NULL),(15161432,'EDUARDO','SILVA JARQUIN','U2FsdGVkX1+gN3sOtHlT7XAzyQOTOBWctJjwZXdOvVw=',NULL),(15161446,'LUIS ANGEL','ZARAGOZA FARRERA','U2FsdGVkX1/A3tR/LD0qc7+TOSk03D+4ADazYCkdGg4=',NULL),(16161425,'JORGE EDGAR','SANCHEZ CHAVEZ','U2FsdGVkX1+SSvEwWrEzaas/LHPcTL5Z7Bb+ESi3jbg=',NULL);
/*!40000 ALTER TABLE `estudiante` ENABLE KEYS */;
UNLOCK TABLES;

--
-- Table structure for table `grupo`
--

DROP TABLE IF EXISTS `grupo`;
/*!40101 SET @saved_cs_client     = @@character_set_client */;
/*!50503 SET character_set_client = utf8mb4 */;
CREATE TABLE `grupo` (
  `id_grupo` varchar(30) NOT NULL,
  `clave_materia` varchar(10) NOT NULL,
  `clave_grupo` varchar(3) NOT NULL,
  `clave_profesor` varchar(13) NOT NULL,
  `hora_inicio` time DEFAULT NULL,
  `hora_final` time DEFAULT NULL,
  PRIMARY KEY (`id_grupo`)
) ENGINE=InnoDB DEFAULT CHARSET=utf8mb4 COLLATE=utf8mb4_0900_ai_ci;
/*!40101 SET character_set_client = @saved_cs_client */;

--
-- Dumping data for table `grupo`
--

LOCK TABLES `grupo` WRITE;
/*!40000 ALTER TABLE `grupo` DISABLE KEYS */;
INSERT INTO `grupo` VALUES ('240220200234040647','SCD1015','1SB','MAGJ9405144S6','08:00:00','09:00:00'),('250220200234050652','ISD1603','1SB','MAGJ9405144S6','11:00:00','12:00:00'),('286220200234086632','SCD1015','1SA','MAGJ9405144S6','09:00:00','10:00:00'),('297220200234097651','ISD1603','1SA','MAGJ9405144S6','10:00:00','11:00:00');
/*!40000 ALTER TABLE `grupo` ENABLE KEYS */;
UNLOCK TABLES;

--
-- Table structure for table `lista`
--

DROP TABLE IF EXISTS `lista`;
/*!40101 SET @saved_cs_client     = @@character_set_client */;
/*!50503 SET character_set_client = utf8mb4 */;
CREATE TABLE `lista` (
  `id_detalle` varchar(45) NOT NULL,
  `fecha` varchar(10) NOT NULL,
  `asistencia` tinyint(1) NOT NULL DEFAULT '0',
  `num_unidad` int NOT NULL
) ENGINE=InnoDB DEFAULT CHARSET=utf8mb4 COLLATE=utf8mb4_0900_ai_ci;
/*!40101 SET character_set_client = @saved_cs_client */;

--
-- Dumping data for table `lista`
--

LOCK TABLES `lista` WRITE;
/*!40000 ALTER TABLE `lista` DISABLE KEYS */;
INSERT INTO `lista` VALUES ('22202018172738314','11-2-2020',1,1),('22202018172767373','11-2-2020',1,1),('22202018172741321','11-2-2020',1,1),('22202018172750383','11-2-2020',1,1),('222020181727100392','11-2-2020',1,1),('22202018172783402','11-2-2020',1,1),('22202018172798412','11-2-2020',1,1),('22202018172732422','11-2-2020',1,1),('22202018172762435','11-2-2020',1,1),('22202018172710445','11-2-2020',1,1),('22202018172752484','11-2-2020',1,1),('22202018172760465','11-2-2020',1,1),('22202018172725473','11-2-2020',1,1),('22202018172780454','11-2-2020',1,1),('22202018172763493','11-2-2020',1,1),('22202018172780503','11-2-2020',1,1),('2220201817279518','11-2-2020',1,1),('22202018172791537','11-2-2020',1,1),('22202018172765550','11-2-2020',1,1),('22202018172717564','11-2-2020',1,1),('22202018172758573','11-2-2020',1,1),('22202018172718587','11-2-2020',1,1),('22202018172781601','11-2-2020',1,1),('22202018172796779','11-2-2020',1,1),('22202018172776615','11-2-2020',1,1),('22202018172741627','11-2-2020',1,1),('22202018172780636','11-2-2020',1,1),('22202018172772649','11-2-2020',1,1),('22202018172743664','11-2-2020',1,1),('22202018172734675','11-2-2020',1,1),('22202018172743686','11-2-2020',1,1),('22202018172772345','11-2-2020',1,1),('22202018172775753','11-2-2020',1,1),('22202018172796763','11-2-2020',1,1),('22202018172735353','11-2-2020',1,1),('22202018172767743','11-2-2020',1,1),('22202018172746771','11-2-2020',1,1),('22202018172738314','11-2-2020',1,2),('22202018172767373','11-2-2020',1,2),('22202018172741321','11-2-2020',1,2),('22202018172750383','11-2-2020',1,2),('222020181727100392','11-2-2020',1,2),('22202018172783402','11-2-2020',1,2),('22202018172798412','11-2-2020',1,2),('22202018172732422','11-2-2020',1,2),('22202018172762435','11-2-2020',1,2),('22202018172710445','11-2-2020',1,2),('22202018172752484','11-2-2020',1,2),('22202018172760465','11-2-2020',1,2),('22202018172725473','11-2-2020',1,2),('22202018172780454','11-2-2020',1,2),('22202018172763493','11-2-2020',1,2),('22202018172780503','11-2-2020',1,2),('2220201817279518','11-2-2020',1,2),('22202018172791537','11-2-2020',1,2),('22202018172765550','11-2-2020',1,2),('22202018172717564','11-2-2020',1,2),('22202018172758573','11-2-2020',1,2),('22202018172718587','11-2-2020',1,2),('22202018172781601','11-2-2020',1,2),('22202018172796779','11-2-2020',1,2),('22202018172776615','11-2-2020',1,2),('22202018172741627','11-2-2020',1,2),('22202018172780636','11-2-2020',1,2),('22202018172772649','11-2-2020',1,2),('22202018172743664','11-2-2020',1,2),('22202018172734675','11-2-2020',1,2),('22202018172743686','11-2-2020',1,2),('22202018172772345','11-2-2020',1,2),('22202018172775753','11-2-2020',1,2),('22202018172796763','11-2-2020',1,2),('22202018172735353','11-2-2020',1,2),('22202018172767743','11-2-2020',1,2),('22202018172746771','11-2-2020',1,2),('22202018233476448','11-2-2020',1,1),('22202018233464450','11-2-2020',1,1),('22202018233482450','11-2-2020',1,1),('22202018233473451','11-2-2020',1,1),('22202018233435452','11-2-2020',1,1),('22202018233418453','11-2-2020',1,1),('22202018233485463','11-2-2020',1,1),('22202018233499480','11-2-2020',1,1),('22202018233479496','11-2-2020',1,1),('2220201823341506','11-2-2020',1,1),('22202018233487543','11-2-2020',1,1),('22202018233413524','11-2-2020',1,1),('22202018233427535','11-2-2020',1,1),('22202018233445515','11-2-2020',1,1),('22202018233462552','11-2-2020',1,1),('22202018233478564','11-2-2020',1,1),('22202018233467574','11-2-2020',1,1),('22202018233456583','11-2-2020',1,1),('2220201823347591','11-2-2020',1,1),('22202018233426603','11-2-2020',1,1),('22202018233494612','11-2-2020',1,1),('22202018233417621','11-2-2020',1,1),('22202018233450632','11-2-2020',1,1),('22202018233431857','11-2-2020',1,1),('22202018233464656','11-2-2020',1,1),('22202018233447685','11-2-2020',1,1),('22202018233476705','11-2-2020',1,1),('22202018233480720','11-2-2020',1,1),('22202018233478739','11-2-2020',1,1),('22202018233492759','11-2-2020',1,1),('22202018233462779','11-2-2020',1,1),('22202018233472795','11-2-2020',1,1),('2220201823347810','11-2-2020',1,1),('22202018233465819','11-2-2020',1,1),('22202018233428830','11-2-2020',1,1),('22202018233424838','11-2-2020',1,1),('22202018233453847','11-2-2020',1,1),('22202018233476448','11-2-2020',0,2),('22202018233464450','11-2-2020',0,2),('22202018233482450','11-2-2020',0,2),('22202018233473451','11-2-2020',0,2),('22202018233435452','11-2-2020',0,2),('22202018233418453','11-2-2020',0,2),('22202018233485463','11-2-2020',0,2),('22202018233499480','11-2-2020',0,2),('22202018233479496','11-2-2020',0,2),('2220201823341506','11-2-2020',0,2),('22202018233487543','11-2-2020',0,2),('22202018233413524','11-2-2020',0,2),('22202018233427535','11-2-2020',0,2),('22202018233445515','11-2-2020',0,2),('22202018233462552','11-2-2020',0,2),('22202018233478564','11-2-2020',0,2),('22202018233467574','11-2-2020',0,2),('22202018233456583','11-2-2020',0,2),('2220201823347591','11-2-2020',0,2),('22202018233426603','11-2-2020',0,2),('22202018233494612','11-2-2020',0,2),('22202018233417621','11-2-2020',0,2),('22202018233450632','11-2-2020',0,2),('22202018233431857','11-2-2020',0,2),('22202018233464656','11-2-2020',0,2),('22202018233447685','11-2-2020',0,2),('22202018233476705','11-2-2020',0,2),('22202018233480720','11-2-2020',0,2),('22202018233478739','11-2-2020',0,2),('22202018233492759','11-2-2020',0,2),('22202018233462779','11-2-2020',0,2),('22202018233472795','11-2-2020',0,2),('2220201823347810','11-2-2020',0,2),('22202018233465819','11-2-2020',0,2),('22202018233428830','11-2-2020',0,2),('22202018233424838','11-2-2020',0,2),('22202018233453847','11-2-2020',0,2),('22202018233476448','11-2-2020',0,3),('22202018233464450','11-2-2020',0,3),('22202018233482450','11-2-2020',0,3),('22202018233473451','11-2-2020',0,3),('22202018233435452','11-2-2020',0,3),('22202018233418453','11-2-2020',0,3),('22202018233485463','11-2-2020',0,3),('22202018233499480','11-2-2020',0,3),('22202018233479496','11-2-2020',0,3),('2220201823341506','11-2-2020',0,3),('22202018233487543','11-2-2020',0,3),('22202018233413524','11-2-2020',0,3),('22202018233427535','11-2-2020',0,3),('22202018233445515','11-2-2020',0,3),('22202018233462552','11-2-2020',0,3),('22202018233478564','11-2-2020',0,3),('22202018233467574','11-2-2020',0,3),('22202018233456583','11-2-2020',0,3),('2220201823347591','11-2-2020',0,3),('22202018233426603','11-2-2020',0,3),('22202018233494612','11-2-2020',0,3),('22202018233417621','11-2-2020',0,3),('22202018233450632','11-2-2020',0,3),('22202018233431857','11-2-2020',0,3),('22202018233464656','11-2-2020',0,3),('22202018233447685','11-2-2020',0,3),('22202018233476705','11-2-2020',0,3),('22202018233480720','11-2-2020',0,3),('22202018233478739','11-2-2020',0,3),('22202018233492759','11-2-2020',0,3),('22202018233462779','11-2-2020',0,3),('22202018233472795','11-2-2020',0,3),('2220201823347810','11-2-2020',0,3),('22202018233465819','11-2-2020',0,3),('22202018233428830','11-2-2020',0,3),('22202018233424838','11-2-2020',0,3),('22202018233453847','11-2-2020',0,3),('22202018172796779','10-2-2020',0,1),('22202018172796779','9-2-2020',1,1);
/*!40000 ALTER TABLE `lista` ENABLE KEYS */;
UNLOCK TABLES;

--
-- Table structure for table `materia`
--

DROP TABLE IF EXISTS `materia`;
/*!40101 SET @saved_cs_client     = @@character_set_client */;
/*!50503 SET character_set_client = utf8mb4 */;
CREATE TABLE `materia` (
  `clave_materia` varchar(7) NOT NULL,
  `nombre_materia` varchar(40) NOT NULL,
  `unidades` int NOT NULL,
  PRIMARY KEY (`clave_materia`)
) ENGINE=InnoDB DEFAULT CHARSET=utf8mb4 COLLATE=utf8mb4_0900_ai_ci;
/*!40101 SET character_set_client = @saved_cs_client */;

--
-- Dumping data for table `materia`
--

LOCK TABLES `materia` WRITE;
/*!40000 ALTER TABLE `materia` DISABLE KEYS */;
INSERT INTO `materia` VALUES ('ACA0907','TALLER DE ÉTICA',4),('ACA0909','TALLER DE INVESTIGACIÓN I',3),('ACA0910','TALLER DE INVESTIGACIÓN II',3),('ACC0906','FUNDAMENTOS DE INVESTIGACIÓN',4),('ACD0908','DESARROLLO SUSTENTABLE',6),('ACF0901','CÁLCULO DIFERENCIAL',5),('ACF0902','CÁLCULO INTEGRAL',4),('ACF0903','ALGEBRA LINEAL',5),('ACF0904','CÁLCULO VECTORIAL',5),('ACF0905','ECUACIONES DIFERENCIALES',4),('ACF1041','MATEMATICAS DISCRETAS',5),('AEB1055','PROGRAMACIÓN WEB',5),('AEC1008','CONTABILIDAD FINANCIERA',6),('AEC1034','FUNDAM DE TELECOMUNICACIONES',6),('AEC1058','QUÍMICA',4),('AEC1061','SISTEMAS OPERATIVOS',6),('AED1026','ESTRUCTURA DE DATOS',7),('AED1285','FUNDAMENTOS DE PROGRAMACIÓN',5),('AED1286','PROG. ORIENTADA A OBJETOS',6),('AEF1031','FUNDAMENTOS DE BASES DE DATOS',7),('AEF1052','PROBABILIDAD Y ESTADÍSTICA',5),('ISD1602','DES. DE SOFT. EMP. PAT. DIS.',5),('ISD1603','TÓPIC. DE CIENCIA DE LOS DATOS',4),('SCA1002','ADMINISTRACIÓN DE REDES',4),('SCA1025','TALLER DE BASE DE DATOS',7),('SCA1026','TALLER DE SISTEMAS OPERATIVOS',4),('SCB1001','ADMON. DE BASES DE DATOS',5),('SCC1005','CULTURA EMPRESARIAL',6),('SCC1007','FUND. DE ING. DE SOFTWARE',5),('SCC1010','GRAFICACIÓN',5),('SCC1012','INTELIGENCIA ARTIFICIAL',5),('SCC1013','INVESTIGACIÓN DE OPERACIONES',5),('SCC1014','LENGUAJES DE INTERFAZ',4),('SCC1017','MÉTODOS NUMÉRICOS',6),('SCC1019','PROG. LÓGICA Y FUNCIONAL',4),('SCC1023','SISTEMAS PROGRAMABLES',6),('SCD1003','ARQUITECTURA DE COMPUTADORAS',4),('SCD1004','CONMUT. Y ENRUT. DE REDES',3),('SCD1011','INGENIERÍA DE SOFTWARE',4),('SCD1015','LENGUAJES Y AUTÓMATAS I',6),('SCD1016','LENGUAJES Y AUTÓMATAS II',4),('SCD1018','PRINC. ELECT. Y APLIC. DIGIT.',4),('SCD1021','REDES DE COMPUTADORAS',5),('SCD1022','SIMULACIÓN',5),('SCD1027','TOPICOS AVANZ. DE PROG',5),('SCF1006','FÍSICA GENERAL',7),('SCG1009','GESTION DE PROY. DE SOFTWARE',6),('SCH1024','TALLER DE ADMINISTRACIÓN',6),('TSD1901','FUND. INT. NEG. EN GEST. EMP',5),('TSD1903','DES. DE SOFTW. ORIENT. A SERV.',5),('TSD1905','TEC. EMERGENTES DES. APLIC. SOFW.',5);
/*!40000 ALTER TABLE `materia` ENABLE KEYS */;
UNLOCK TABLES;

--
-- Table structure for table `profesor`
--

DROP TABLE IF EXISTS `profesor`;
/*!40101 SET @saved_cs_client     = @@character_set_client */;
/*!50503 SET character_set_client = utf8mb4 */;
CREATE TABLE `profesor` (
  `clave_profesor` varchar(13) NOT NULL,
  `nombre` varchar(30) NOT NULL,
  `apellido` varchar(30) NOT NULL,
  `email` varchar(30) DEFAULT NULL,
  `password` varchar(45) NOT NULL,
  PRIMARY KEY (`clave_profesor`)
) ENGINE=InnoDB DEFAULT CHARSET=utf8mb4 COLLATE=utf8mb4_0900_ai_ci;
/*!40101 SET character_set_client = @saved_cs_client */;

--
-- Dumping data for table `profesor`
--

LOCK TABLES `profesor` WRITE;
/*!40000 ALTER TABLE `profesor` DISABLE KEYS */;
INSERT INTO `profesor` VALUES ('CAFR9510154K9','RAFAEL OCTAVIO','CASTAÑEDA FUENTES','rafita67_h@gmail.com','U2FsdGVkX1/DbFzXOT6ffAixFLF1gXeHWrD8m58QVTI='),('COPA950104KT6','ALEJANDRO MIGUEL','CONTRERAS PEREZ','alex89976@gmail','U2FsdGVkX1+fz/3lUeI5jHJVm36HSrp4WimHax9wiyM='),('HEVE900310G44','ENRIQUE ARMANDO','HERNANDEZ VASQUEZ','quique_99@gmail.com','U2FsdGVkX1+uVZiKuCys7IgFi/Oz+oB0Og5t756TnNc='),('JULA890418T5A','ANDREA JAQUELINE','JUAREZ LOPEZ','juaja_97@gmail.com','U2FsdGVkX1++sqBNzSupmFSgVPbwSdRIzwnHhoCCDEA='),('JUOL9105165QA','LEZLY','JUAREZ OLIVERA','lz78_oli@gmail.com','U2FsdGVkX19nvZz4auk4ODegq49f6aZv8lmlBkWN1rY='),('LOCE850515KE0','ERNESTO ANGEL','LOPEZ CRUZ','locruz88@gmail.com','U2FsdGVkX19rhq2ksxCqjSknv0TBWQIneLsgNiEmmwQ='),('LOSI9108168L5','IRMA CLAUDIA','LOPEZ SANTIAGO','lopesan_97@gmail.com','U2FsdGVkX19g5gC9kvzb7ecxxf9oQ0wWsWl4osvi+qk='),('MAGJ9405144S6','ALEJANDRO','MARTINEZ','amartz.x@gmail.com','U2FsdGVkX18s4uT8sv8xMYgXWE+d4byR21D7mSkB74o='),('MOAA881116E4A','ALBERTO','MORALES AGULAR','albertaguilar_86@gmail.com','U2FsdGVkX19TmwLyxGmjaBPA0CUaKNsIpxsTPffEHJI='),('OIVJ9601188U1','JOSE','OLIVERA VILLAGOMEZ','villagomez_oli@gmail.com','U2FsdGVkX19dtHOhVusPx9aMeZuanspR/aswq1ERU0E='),('PEGR9305082H8','ROBERTO','PEREZ GARCIA','pega_8762@gmail.com','U2FsdGVkX1/IpnKMPPXU+nqJ8kLJxhdq8j9kmh8Vs4o='),('RAFM880518RL1','MARGARITA','RAMIREZ FUENTES','mar_ra89@gmail.com','U2FsdGVkX19vY4eHjzwFp34iQpANfpI+qntU9xnz6MQ='),('VELC8810168G3','MARIA CRISTINA','VENTURA LOPEZ','cristiv90@gmail.com','U2FsdGVkX1+pO9tZz9qmvDLlOoB5W7XOhcaJq8HUWHI='),('VERD960503NA5','DIEGO ARMANDO','VELASQUEZ RAMIREZ','ram564@gmail.com','U2FsdGVkX1+0jFSctBUq77RIWsggr3kkOlNdo/jAyt0='),('VILL961120QH2','LUZ CARMEN','VILLANUEVA LOPEZ','lopez_carme89@gmail.com','U2FsdGVkX18/mKZ+niVGg87S1v8Bsni0ICzTocEOqX8=');
/*!40000 ALTER TABLE `profesor` ENABLE KEYS */;
UNLOCK TABLES;
/*!40103 SET TIME_ZONE=@OLD_TIME_ZONE */;

/*!40101 SET SQL_MODE=@OLD_SQL_MODE */;
/*!40014 SET FOREIGN_KEY_CHECKS=@OLD_FOREIGN_KEY_CHECKS */;
/*!40014 SET UNIQUE_CHECKS=@OLD_UNIQUE_CHECKS */;
/*!40101 SET CHARACTER_SET_CLIENT=@OLD_CHARACTER_SET_CLIENT */;
/*!40101 SET CHARACTER_SET_RESULTS=@OLD_CHARACTER_SET_RESULTS */;
/*!40101 SET COLLATION_CONNECTION=@OLD_COLLATION_CONNECTION */;
/*!40111 SET SQL_NOTES=@OLD_SQL_NOTES */;

-- Dump completed on 2020-07-25 21:42:19
